{"cameraMode":{"drawMode":0,"name":"Shaded","section":"Shading Mode"},"sceneLighting":true,"audioPlay":false,"sceneViewState":{"m_AlwaysRefresh":false,"showFog":true,"showSkybox":true,"showFlares":true,"showImageEffects":true,"showParticleSystems":true,"showVisualEffectGraphs":true,"m_FxEnabled":false},"in2DMode":false,"pivot":{"x":-0.5977266430854797,"y":0.5830721855163574,"z":34.567440032958987},"rotation":{"x":-0.11137835681438446,"y":-0.22662638127803803,"z":0.025895528495311738,"w":-0.9673200845718384},"size":5.599653720855713,"orthographic":false}